<ImportExportXml version="9.2.24034.300" SolutionPackageVersion="9.2" languagecode="1033" generatedBy="CrmLive" xmlns:xsi="http://www.w3.org/2001/XMLSchema-instance">
  <SolutionManifest>
    <UniqueName>TaxProfessionalsQuestionnaireSolution</UniqueName>
    <LocalizedNames>
      <LocalizedName description="Tax Professionals Questionnaire Solution" languagecode="1033" />
    </LocalizedNames>
    <Descriptions />
    <Version>1.0.0.1</Version>
    <Managed>0</Managed>
    <Publisher>
      <UniqueName>TaxProfessionals</UniqueName>
      <LocalizedNames>
        <LocalizedName description="Tax Professionals" languagecode="1033" />
      </LocalizedNames>
      <Descriptions />
      <EMailAddress xsi:nil="true"></EMailAddress>
      <SupportingWebsiteUrl xsi:nil="true"></SupportingWebsiteUrl>
      <CustomizationPrefix>tp</CustomizationPrefix>
      <CustomizationOptionValuePrefix>12684</CustomizationOptionValuePrefix>
      <Addresses>
        <Address>
          <AddressNumber>1</AddressNumber>
          <AddressTypeCode>1</AddressTypeCode>
          <City xsi:nil="true"></City>
          <County xsi:nil="true"></County>
          <Country xsi:nil="true"></Country>
          <Fax xsi:nil="true"></Fax>
          <FreightTermsCode xsi:nil="true"></FreightTermsCode>
          <ImportSequenceNumber xsi:nil="true"></ImportSequenceNumber>
          <Latitude xsi:nil="true"></Latitude>
          <Line1 xsi:nil="true"></Line1>
          <Line2 xsi:nil="true"></Line2>
          <Line3 xsi:nil="true"></Line3>
          <Longitude xsi:nil="true"></Longitude>
          <Name xsi:nil="true"></Name>
          <PostalCode xsi:nil="true"></PostalCode>
          <PostOfficeBox xsi:nil="true"></PostOfficeBox>
          <PrimaryContactName xsi:nil="true"></PrimaryContactName>
          <ShippingMethodCode>1</ShippingMethodCode>
          <StateOrProvince xsi:nil="true"></StateOrProvince>
          <Telephone1 xsi:nil="true"></Telephone1>
          <Telephone2 xsi:nil="true"></Telephone2>
          <Telephone3 xsi:nil="true"></Telephone3>
          <TimeZoneRuleVersionNumber xsi:nil="true"></TimeZoneRuleVersionNumber>
          <UPSZone xsi:nil="true"></UPSZone>
          <UTCOffset xsi:nil="true"></UTCOffset>
          <UTCConversionTimeZoneCode xsi:nil="true"></UTCConversionTimeZoneCode>
        </Address>
        <Address>
          <AddressNumber>2</AddressNumber>
          <AddressTypeCode>1</AddressTypeCode>
          <City xsi:nil="true"></City>
          <County xsi:nil="true"></County>
          <Country xsi:nil="true"></Country>
          <Fax xsi:nil="true"></Fax>
          <FreightTermsCode xsi:nil="true"></FreightTermsCode>
          <ImportSequenceNumber xsi:nil="true"></ImportSequenceNumber>
          <Latitude xsi:nil="true"></Latitude>
          <Line1 xsi:nil="true"></Line1>
          <Line2 xsi:nil="true"></Line2>
          <Line3 xsi:nil="true"></Line3>
          <Longitude xsi:nil="true"></Longitude>
          <Name xsi:nil="true"></Name>
          <PostalCode xsi:nil="true"></PostalCode>
          <PostOfficeBox xsi:nil="true"></PostOfficeBox>
          <PrimaryContactName xsi:nil="true"></PrimaryContactName>
          <ShippingMethodCode>1</ShippingMethodCode>
          <StateOrProvince xsi:nil="true"></StateOrProvince>
          <Telephone1 xsi:nil="true"></Telephone1>
          <Telephone2 xsi:nil="true"></Telephone2>
          <Telephone3 xsi:nil="true"></Telephone3>
          <TimeZoneRuleVersionNumber xsi:nil="true"></TimeZoneRuleVersionNumber>
          <UPSZone xsi:nil="true"></UPSZone>
          <UTCOffset xsi:nil="true"></UTCOffset>
          <UTCConversionTimeZoneCode xsi:nil="true"></UTCConversionTimeZoneCode>
        </Address>
      </Addresses>
    </Publisher>
    <RootComponents>
      <RootComponent type="1" schemaName="tp_comptrollers" behavior="0" />
      <RootComponent type="1" schemaName="tp_quarterlytaxpackage" behavior="0" />
      <RootComponent type="9" schemaName="tp_comptrollerquestionnairestatus" behavior="0" />
      <RootComponent type="9" schemaName="tp_legalstatusyears" behavior="0" />
      <RootComponent type="9" schemaName="tp_taxlocation" behavior="0" />
      <RootComponent type="9" schemaName="tp_taxquestionyesno" behavior="0" />
      <RootComponent type="20" id="{19b0c7d4-6f06-ef11-9f89-7c1e5216f328}" behavior="0" />
      <RootComponent type="20" id="{d159d270-6f06-ef11-9f89-7c1e5216f328}" behavior="0" />
      <RootComponent type="29" id="{1aad47fa-5506-ef11-9f89-7c1e5216f328}" behavior="0" />
      <RootComponent type="29" id="{28d2742f-5506-ef11-9f89-7c1e5216f328}" behavior="0" />
      <RootComponent type="29" id="{2b685971-5406-ef11-9f89-7c1e5216f328}" behavior="0" />
      <RootComponent type="29" id="{79e04cd9-5406-ef11-9f89-7c1e5216f328}" behavior="0" />
      <RootComponent type="29" id="{7c954f8d-5306-ef11-9f89-7c1e5216f328}" behavior="0" />
      <RootComponent type="29" id="{8b79b415-5406-ef11-9f89-7c1e5216f328}" behavior="0" />
      <RootComponent type="29" id="{d740e0be-6706-ef11-9f89-7c1e5216f328}" behavior="0" />
      <RootComponent type="29" id="{e56fa11a-5806-ef11-9f89-7c1e5216f328}" behavior="0" />
      <RootComponent type="62" schemaName="tp_TaxPackageQuestionnaire" behavior="0" />
      <RootComponent type="80" schemaName="tp_TaxPackageQuestionnaire" behavior="0" />
      <RootComponent type="300" schemaName="tp_sendemail_42548" behavior="0" />
    </RootComponents>
    <MissingDependencies>
      <MissingDependency>
        <Required type="61" schemaName="msdyn_/Images/AppModule_Default_Icon.png" displayName="msdyn_/Images/AppModule_Default_Icon.png" solution="AppModuleWebResources (2.5)" />
        <Dependent type="80" schemaName="tp_TaxPackageQuestionnaire" displayName="Tax Package Questionnaire" />
      </MissingDependency>
      <MissingDependency>
        <Required type="61" schemaName="msdyncrm_/KnowledgeSearch/EmailContent.svg" displayName="msdyncrm_/KnowledgeSearch/EmailContent.svg" solution="msdynce_KnowledgeManagementFeatures (9.0.24031.5004)" />
        <Dependent type="62" schemaName="tp_TaxPackageQuestionnaire" />
      </MissingDependency>
      <MissingDependency>
        <Required type="61" schemaName="mspp_entity_forms.svg" displayName="mspp_entity_forms.svg" solution="PowerPages_AppResources (1.0.2312.1)" />
        <Dependent type="62" schemaName="tp_TaxPackageQuestionnaire" />
      </MissingDependency>
      <MissingDependency>
        <Required type="SettingDefinition" displayName="AppChannel" solution="msdyn_AppFrameworkInfraExtensions (1.0.0.8)" id.uniquename="AppChannel" />
        <Dependent type="AppSetting" displayName="parentappmoduleid.uniquename=tp_TaxPackageQuestionnaire,settingdefinitionid.uniquename=AppChannel" id.parentappmoduleid.uniquename="tp_TaxPackageQuestionnaire" id.settingdefinitionid.uniquename="AppChannel" />
      </MissingDependency>
    </MissingDependencies>
  </SolutionManifest>
</ImportExportXml>