{
  "properties": {
    "connectionReferences": {
      "shared_commondataserviceforapps": {
        "runtimeSource": "embedded",
        "connection": {
          "connectionReferenceLogicalName": "tp_sharedcommondataserviceforapps_05643"
        },
        "api": {
          "name": "shared_commondataserviceforapps"
        }
      },
      "shared_office365": {
        "runtimeSource": "invoker",
        "connection": {
          "connectionReferenceLogicalName": "tp_sharedoffice365_c0014"
        },
        "api": {
          "name": "shared_office365"
        }
      }
    },
    "definition": {
      "$schema": "https://schema.management.azure.com/providers/Microsoft.Logic/schemas/2016-06-01/workflowdefinition.json#",
      "contentVersion": "1.0.0.0",
      "parameters": {
        "$connections": {
          "defaultValue": {},
          "type": "Object"
        },
        "$authentication": {
          "defaultValue": {},
          "type": "SecureObject"
        },
        "AppURL (tp_AppURL)": {
          "defaultValue": "https://org1958c7f8.crm.dynamics.com/main.aspx?appid=2007f358-5606-ef11-9f89-7c1e5216f328&pagetype=entityrecord&etn=tp_quarterlytaxpackage&id=",
          "type": "String",
          "metadata": {
            "schemaName": "tp_AppURL"
          }
        }
      },
      "triggers": {
        "manual": {
          "metadata": {
            "operationMetadataId": "5eddfad3-3f55-4721-b1c1-2e96b2488ecd"
          },
          "type": "Request",
          "kind": "PowerAppV2",
          "inputs": {
            "schema": {
              "type": "object",
              "properties": {},
              "required": []
            }
          }
        }
      },
      "actions": {
        "List_rows_for_Comptrollers": {
          "runAfter": {},
          "metadata": {
            "operationMetadataId": "a66263b7-be99-48a6-bfe5-99511d31bc01"
          },
          "type": "OpenApiConnection",
          "inputs": {
            "host": {
              "connectionName": "shared_commondataserviceforapps",
              "operationId": "ListRecords",
              "apiId": "/providers/Microsoft.PowerApps/apis/shared_commondataserviceforapps"
            },
            "parameters": {
              "entityName": "tp_comptrollerses",
              "$filter": "tp_status eq 126840000"
            },
            "authentication": "@parameters('$authentication')"
          }
        },
        "For_each": {
          "foreach": "@outputs('List_rows_for_Comptrollers')?['body/value']",
          "actions": {
            "Add_a_new_Questionnaire": {
              "runAfter": {},
              "metadata": {
                "operationMetadataId": "8ce70023-db05-402d-84da-7dbb552967cc"
              },
              "type": "OpenApiConnection",
              "inputs": {
                "host": {
                  "connectionName": "shared_commondataserviceforapps",
                  "operationId": "CreateRecord",
                  "apiId": "/providers/Microsoft.PowerApps/apis/shared_commondataserviceforapps"
                },
                "parameters": {
                  "entityName": "tp_quarterlytaxpackages",
                  "item/tp_name": "@items('For_each')?['tp_name']",
                  "item/tp_comptrollerid": "@string(items('For_each')?['tp_comptrollersid'])"
                },
                "authentication": "@parameters('$authentication')"
              }
            },
            "Update_a_Comptrollers_Status": {
              "runAfter": {
                "Add_a_new_Questionnaire": [
                  "Succeeded"
                ]
              },
              "metadata": {
                "operationMetadataId": "33d1a17a-e2d2-4c2a-9cb3-ccc211c7a9b0"
              },
              "type": "OpenApiConnection",
              "inputs": {
                "host": {
                  "connectionName": "shared_commondataserviceforapps",
                  "operationId": "UpdateRecord",
                  "apiId": "/providers/Microsoft.PowerApps/apis/shared_commondataserviceforapps"
                },
                "parameters": {
                  "entityName": "tp_comptrollerses",
                  "recordId": "@outputs('Add_a_new_Questionnaire')?['body/tp_comptrollerid']",
                  "item/tp_status": 126840001,
                  "item/tp_PackageID@odata.bind": "/tp_quarterlytaxpackages(@{outputs('Add_a_new_Questionnaire')?['body/tp_quarterlytaxpackageid']})"
                },
                "authentication": "@parameters('$authentication')"
              }
            },
            "Email_Body": {
              "runAfter": {
                "Update_a_Comptrollers_Status": [
                  "Succeeded"
                ]
              },
              "metadata": {
                "operationMetadataId": "27e80eaa-b21b-4bf5-a44b-ff0ec38aba30"
              },
              "type": "Compose",
              "inputs": "<p>@{outputs('Update_a_Comptrollers_Status')?['body/tp_name']},<br>\n<br>\nPlease fill out your Quarterly Tax Package by selecting the following link:<br>\n<a href=\"@{concat(parameters('AppURL (tp_AppURL)'),string(outputs('Add_a_new_Questionnaire')?['body/tp_quarterlytaxpackageid']))}\">Tax Package Questionnaire</a><br>\n<br>\nThanks for your help,<br>\nTax Team</p>"
            },
            "Send_an_email_(V2)": {
              "runAfter": {
                "Email_Body": [
                  "Succeeded"
                ]
              },
              "metadata": {
                "operationMetadataId": "125bcf28-9863-44f1-a297-ad8be5e8c56f"
              },
              "type": "OpenApiConnection",
              "inputs": {
                "host": {
                  "connectionName": "shared_office365",
                  "operationId": "SendEmailV2",
                  "apiId": "/providers/Microsoft.PowerApps/apis/shared_office365"
                },
                "parameters": {
                  "emailMessage/To": "@items('For_each')?['tp_email']",
                  "emailMessage/Subject": "Please fill out your Quarterly Tax Package",
                  "emailMessage/Body": "<p>@{outputs('Email_Body')}</p>",
                  "emailMessage/Importance": "Normal"
                },
                "authentication": "@parameters('$authentication')"
              }
            }
          },
          "runAfter": {
            "List_rows_for_Comptrollers": [
              "Succeeded"
            ]
          },
          "metadata": {
            "operationMetadataId": "63fdf001-fe1c-4ec8-b074-6b8a310767be"
          },
          "type": "Foreach"
        },
        "Respond_to_a_PowerApp_or_flow": {
          "runAfter": {
            "For_each": [
              "Succeeded"
            ]
          },
          "metadata": {
            "operationMetadataId": "7546e6b5-74a8-4498-8a66-0be19f566038"
          },
          "type": "Response",
          "kind": "PowerApp",
          "inputs": {
            "statusCode": 200,
            "body": {
              "response": "Success"
            },
            "schema": {
              "type": "object",
              "properties": {
                "response": {
                  "title": "response",
                  "x-ms-dynamically-added": true,
                  "type": "string"
                }
              }
            }
          }
        }
      }
    },
    "templateName": ""
  },
  "schemaVersion": "1.0.0.0"
}